Feature_cols,Coefficient
const,82.72578861158523
Adult_mortality,-0.04741372115878725
Infant_deaths,-0.15712750904382744
